ticker,stage,thesis,proof_metric,kill_condition,review_date,horizon_quarters
APOLLOHOSP,,,,,,
AXISBANK,,,,,,
BAJAJ-AUTO,,,,,,
BAJAJFINSV,,,,,,
BEL,,,,,,
BHEL,,,,,,
BPCL,,,,,,
DRREDDY,,,,,,
EICHERMOT,,,,,,
FEDERALBNK,,,,,,
GOLD1G,,,,,,
GOLDBEES,,,,,,
HEROMOTOCO,,,,,,
HINDALCO,,,,,,
HINDCOPPER,,,,,,
INDHOTEL,,,,,,
IREDA,,,,,,
ITCHOTELS,,,,,,
JIOFIN,,,,,,
KALYANKJIL,,,,,,
KIRLPNU,,,,,,
KITEX,,,,,,
KWIL,,,,,,
LT,,,,,,
LTF,,,,,,
M&M,,,,,,
MAHSEAMLES,,,,,,
OFSS,,,,,,
POWERGRID,,,,,,
SBILIFE,,,,,,
SBIN,,,,,,
SHRIRAMFIN,,,,,,
SILVERBEES,,,,,,
SOUTHBANK,,,,,,
SUZLON,,,,,,
TATASTEEL,,,,,,
TCS,,,,,,
TECHM,,,,,,
TORNTPOWER,,,,,,
UNITDSPR,,,,,,
VAML,,,,,,
VEDL,,,,,,
VEDPOWER,,,,,,
VISL,,,,,,
VOGL,,,,,,
WIPRO,,,,,,
