ticker,name,yahoo_symbol,sector,index
ABB,ABB India,ABB.NS,Capital Goods,NIFTYNEXT50
ACC,ACC,ACC.NS,Cement,NIFTYNEXT50
ADANIENT,Adani Enterprises,ADANIENT.NS,Conglomerate,NIFTY50
ADANIGREEN,Adani Green Energy,ADANIGREEN.NS,Power,NIFTYNEXT50
ADANIPORTS,Adani Ports & SEZ,ADANIPORTS.NS,Infrastructure,NIFTY50
ADANIPOWER,Adani Power,ADANIPOWER.NS,Power,NIFTYNEXT50
AMBUJACEM,Ambuja Cements,AMBUJACEM.NS,Cement,NIFTYNEXT50
APOLLOHOSP,Apollo Hospitals,APOLLOHOSP.NS,Healthcare,NIFTY50
APOLLOTYRE,Apollo Tyres,APOLLOTYRE.NS,Auto Ancillary,NIFTYNEXT50
ASHOKLEY,Ashok Leyland,ASHOKLEY.NS,Auto,NIFTYNEXT50
ASIANPAINT,Asian Paints,ASIANPAINT.NS,Consumer,NIFTY50
AUROPHARMA,Aurobindo Pharma,AUROPHARMA.NS,Pharma,NIFTYNEXT50
AXISBANK,Axis Bank,AXISBANK.NS,Banking,NIFTY50
BAJAJ-AUTO,Bajaj Auto,BAJAJ-AUTO.NS,Auto,NIFTY50
BAJAJFINSV,Bajaj Finserv,BAJAJFINSV.NS,Financial Services,NIFTY50
BAJAJHLDNG,Bajaj Holdings,BAJAJHLDNG.NS,Financial Services,NIFTYNEXT50
BAJFINANCE,Bajaj Finance,BAJFINANCE.NS,Financial Services,NIFTY50
BALKRISIND,Balkrishna Industries,BALKRISIND.NS,Auto Ancillary,NIFTYNEXT50
BANKBARODA,Bank of Baroda,BANKBARODA.NS,Banking,NIFTYNEXT50
BEL,Bharat Electronics,BEL.NS,Defence,NIFTY50
BERGEPAINT,Berger Paints India,BERGEPAINT.NS,Consumer,NIFTYNEXT50
BHARTIARTL,Bharti Airtel,BHARTIARTL.NS,Telecom,NIFTY50
BHEL,BHEL,BHEL.NS,Capital Goods,NIFTYNEXT50
BOSCHLTD,Bosch,BOSCHLTD.NS,Auto Ancillary,NIFTYNEXT50
BPCL,Bharat Petroleum,BPCL.NS,Oil & Gas,NIFTY50
BRITANNIA,Britannia Industries,BRITANNIA.NS,Consumer,NIFTY50
CANBK,Canara Bank,CANBK.NS,Banking,NIFTYNEXT50
CGPOWER,CG Power & Industrial,CGPOWER.NS,Capital Goods,NIFTYNEXT50
CHOLAFIN,Cholamandalam Investment,CHOLAFIN.NS,Financial Services,NIFTYNEXT50
CIPLA,Cipla,CIPLA.NS,Pharma,NIFTY50
COALINDIA,Coal India,COALINDIA.NS,Mining,NIFTY50
COFORGE,Coforge,COFORGE.NS,IT,NIFTYNEXT50
COLPAL,Colgate-Palmolive India,COLPAL.NS,Consumer,NIFTYNEXT50
CUMMINSIND,Cummins India,CUMMINSIND.NS,Capital Goods,NIFTYNEXT50
DABUR,Dabur India,DABUR.NS,Consumer,NIFTYNEXT50
DALBHARAT,Dalmia Bharat,DALBHARAT.NS,Cement,NIFTYNEXT50
DEEPAKNTR,Deepak Nitrite,DEEPAKNTR.NS,Chemicals,NIFTYNEXT50
DIVISLAB,Divi's Laboratories,DIVISLAB.NS,Pharma,NIFTYNEXT50
DLF,DLF,DLF.NS,Real Estate,NIFTYNEXT50
DMART,Avenue Supermarts,DMART.NS,Retail,NIFTYNEXT50
DRREDDY,Dr Reddy's Laboratories,DRREDDY.NS,Pharma,NIFTY50
EICHERMOT,Eicher Motors,EICHERMOT.NS,Auto,NIFTY50
ESCORTS,Escorts Kubota,ESCORTS.NS,Auto,NIFTYNEXT50
ETERNAL,Eternal (Zomato),ETERNAL.NS,Consumer Tech,NIFTY50
FEDERALBNK,Federal Bank,FEDERALBNK.NS,Banking,NIFTYNEXT50
GAIL,GAIL India,GAIL.NS,Oil & Gas,NIFTYNEXT50
GODREJCP,Godrej Consumer Products,GODREJCP.NS,Consumer,NIFTYNEXT50
GOLDBEES,Nippon India Gold ETF,GOLDBEES.NS,ETF,NIFTYNEXT50
GRASIM,Grasim Industries,GRASIM.NS,Cement,NIFTY50
HAL,Hindustan Aeronautics,HAL.NS,Defence,NIFTYNEXT50
HAVELLS,Havells India,HAVELLS.NS,Capital Goods,NIFTYNEXT50
HCLTECH,HCL Technologies,HCLTECH.NS,IT,NIFTY50
HDFCBANK,HDFC Bank,HDFCBANK.NS,Banking,NIFTY50
HDFCLIFE,HDFC Life Insurance,HDFCLIFE.NS,Insurance,NIFTY50
HEROMOTOCO,Hero MotoCorp,HEROMOTOCO.NS,Auto,NIFTY50
HINDALCO,Hindalco Industries,HINDALCO.NS,Metals,NIFTY50
HINDCOPPER,Hindustan Copper,HINDCOPPER.NS,Metals,NIFTYNEXT50
HINDUNILVR,Hindustan Unilever,HINDUNILVR.NS,Consumer,NIFTY50
HINDZINC,Hindustan Zinc,HINDZINC.NS,Metals,NIFTYNEXT50
HYUNDAI,Hyundai Motor India,HYUNDAI.NS,Auto,NIFTYNEXT50
ICICIBANK,ICICI Bank,ICICIBANK.NS,Banking,NIFTY50
ICICIGI,ICICI Lombard General Ins,ICICIGI.NS,Insurance,NIFTYNEXT50
ICICIPRULI,ICICI Prudential Life,ICICIPRULI.NS,Insurance,NIFTYNEXT50
IDFCFIRSTB,IDFC First Bank,IDFCFIRSTB.NS,Banking,NIFTYNEXT50
INDHOTEL,Indian Hotels,INDHOTEL.NS,Hospitality,NIFTYNEXT50
INDIANB,Indian Bank,INDIANB.NS,Banking,NIFTYNEXT50
INDIGO,InterGlobe Aviation,INDIGO.NS,Aviation,NIFTYNEXT50
INDUSINDBK,IndusInd Bank,INDUSINDBK.NS,Banking,NIFTY50
INFY,Infosys,INFY.NS,IT,NIFTY50
IOC,Indian Oil Corporation,IOC.NS,Oil & Gas,NIFTYNEXT50
IRCTC,IRCTC,IRCTC.NS,Travel,NIFTYNEXT50
IREDA,IREDA,IREDA.NS,Financial Services,NIFTYNEXT50
IRFC,Indian Railway Finance,IRFC.NS,Financial Services,NIFTYNEXT50
ITC,ITC,ITC.NS,Consumer,NIFTY50
ITCHOTELS,ITC Hotels,ITCHOTELS.NS,Hospitality,NIFTYNEXT50
JINDALSTEL,Jindal Steel & Power,JINDALSTEL.NS,Metals,NIFTYNEXT50
JIOFIN,Jio Financial Services,JIOFIN.NS,Financial Services,NIFTY50
JSWENERGY,JSW Energy,JSWENERGY.NS,Power,NIFTYNEXT50
JSWSTEEL,JSW Steel,JSWSTEEL.NS,Metals,NIFTY50
KALYANKJIL,Kalyan Jewellers,KALYANKJIL.NS,Consumer,NIFTYNEXT50
KEI,KEI Industries,KEI.NS,Capital Goods,NIFTYNEXT50
KIRLPNU,Kirloskar Pneumatic,KIRLPNU.NS,Capital Goods,NIFTYNEXT50
KITEX,Kitex Garments,KITEX.NS,Textiles,NIFTYNEXT50
KOTAKBANK,Kotak Mahindra Bank,KOTAKBANK.NS,Banking,NIFTY50
KWIL,Kwality Wall's India,KWIL.NS,Consumer,NIFTYNEXT50
LICI,Life Insurance Corporation,LICI.NS,Insurance,NIFTYNEXT50
LODHA,Macrotech Developers,LODHA.NS,Real Estate,NIFTYNEXT50
LT,Larsen & Toubro,LT.NS,Infrastructure,NIFTY50
LTF,L&T Finance,LTF.NS,Financial Services,NIFTYNEXT50
LTIM,LTIMindtree,LTIM.NS,IT,NIFTY50
LUPIN,Lupin,LUPIN.NS,Pharma,NIFTYNEXT50
M&M,Mahindra & Mahindra,M&M.NS,Auto,NIFTY50
MAHSEAMLES,Maharashtra Seamless,MAHSEAMLES.NS,Metals,NIFTYNEXT50
MARICO,Marico,MARICO.NS,Consumer,NIFTYNEXT50
MARUTI,Maruti Suzuki,MARUTI.NS,Auto,NIFTY50
MAZDOCK,Mazagon Dock Shipbuilders,MAZDOCK.NS,Defence,NIFTYNEXT50
MON100,Motilal Oswal Nasdaq 100 ETF,MON100.NS,ETF,NIFTYNEXT50
MOTHERSON,Samvardhana Motherson,MOTHERSON.NS,Auto Ancillary,NIFTYNEXT50
MPHASIS,Mphasis,MPHASIS.NS,IT,NIFTYNEXT50
MUTHOOTFIN,Muthoot Finance,MUTHOOTFIN.NS,Financial Services,NIFTYNEXT50
NAUKRI,Info Edge India,NAUKRI.NS,Consumer Tech,NIFTYNEXT50
NESTLEIND,Nestle India,NESTLEIND.NS,Consumer,NIFTY50
NHPC,NHPC,NHPC.NS,Power,NIFTYNEXT50
NMDC,NMDC,NMDC.NS,Mining,NIFTYNEXT50
NTPC,NTPC,NTPC.NS,Power,NIFTY50
OFSS,Oracle Financial Services,OFSS.NS,IT,NIFTYNEXT50
ONGC,ONGC,ONGC.NS,Oil & Gas,NIFTY50
PAGEIND,Page Industries,PAGEIND.NS,Consumer,NIFTYNEXT50
PATELENG,Patel Engineering,PATELENG.NS,Infrastructure,NIFTYNEXT50
PERSISTENT,Persistent Systems,PERSISTENT.NS,IT,NIFTYNEXT50
PFC,Power Finance Corporation,PFC.NS,Financial Services,NIFTYNEXT50
PIDILITIND,Pidilite Industries,PIDILITIND.NS,Chemicals,NIFTYNEXT50
PNB,Punjab National Bank,PNB.NS,Banking,NIFTYNEXT50
POLYCAB,Polycab India,POLYCAB.NS,Capital Goods,NIFTYNEXT50
POWERGRID,Power Grid Corporation,POWERGRID.NS,Power,NIFTY50
RAMCOCEM,The Ramco Cements,RAMCOCEM.NS,Cement,NIFTYNEXT50
RECLTD,REC,RECLTD.NS,Financial Services,NIFTYNEXT50
RELIANCE,Reliance Industries,RELIANCE.NS,Conglomerate,NIFTY50
RVNL,Rail Vikas Nigam,RVNL.NS,Infrastructure,NIFTYNEXT50
SAIL,Steel Authority of India,SAIL.NS,Metals,NIFTYNEXT50
SBILIFE,SBI Life Insurance,SBILIFE.NS,Insurance,NIFTY50
SBIN,State Bank of India,SBIN.NS,Banking,NIFTY50
SHREECEM,Shree Cement,SHREECEM.NS,Cement,NIFTYNEXT50
SHRIRAMFIN,Shriram Finance,SHRIRAMFIN.NS,Financial Services,NIFTY50
SIEMENS,Siemens India,SIEMENS.NS,Capital Goods,NIFTYNEXT50
SILVERBEES,Nippon India Silver ETF,SILVERBEES.NS,ETF,NIFTYNEXT50
SOLARINDS,Solar Industries India,SOLARINDS.NS,Chemicals,NIFTYNEXT50
SOUTHBANK,South Indian Bank,SOUTHBANK.NS,Banking,NIFTYNEXT50
SRF,SRF,SRF.NS,Chemicals,NIFTYNEXT50
SUNPHARMA,Sun Pharmaceutical,SUNPHARMA.NS,Pharma,NIFTY50
SUZLON,Suzlon Energy,SUZLON.NS,Power,NIFTYNEXT50
TATACAP,Tata Capital,TATACAP.NS,Financial Services,NIFTYNEXT50
TATACHEM,Tata Chemicals,TATACHEM.NS,Chemicals,NIFTYNEXT50
TATACOMM,Tata Communications,TATACOMM.NS,Telecom,NIFTYNEXT50
TATACONSUM,Tata Consumer Products,TATACONSUM.NS,Consumer,NIFTY50
TATAELXSI,Tata Elxsi,TATAELXSI.NS,IT,NIFTYNEXT50
TATAMOTORS,Tata Motors,TATAMOTORS.NS,Auto,NIFTY50
TATAPOWER,Tata Power,TATAPOWER.NS,Power,NIFTYNEXT50
TATASTEEL,Tata Steel,TATASTEEL.NS,Metals,NIFTY50
TCS,Tata Consultancy Services,TCS.NS,IT,NIFTY50
TECHM,Tech Mahindra,TECHM.NS,IT,NIFTY50
THERMAX,Thermax,THERMAX.NS,Capital Goods,NIFTYNEXT50
TIINDIA,Tube Investments of India,TIINDIA.NS,Auto Ancillary,NIFTYNEXT50
TITAN,Titan Company,TITAN.NS,Consumer,NIFTY50
TMPV,Tata Motors Passenger Vehicles,TMPV.NS,Auto,NIFTYNEXT50
TORNTPHARM,Torrent Pharmaceuticals,TORNTPHARM.NS,Pharma,NIFTYNEXT50
TRENT,Trent,TRENT.NS,Retail,NIFTY50
TVSMOTOR,TVS Motor Company,TVSMOTOR.NS,Auto,NIFTYNEXT50
ULTRACEMCO,UltraTech Cement,ULTRACEMCO.NS,Cement,NIFTY50
UNIONBANK,Union Bank of India,UNIONBANK.NS,Banking,NIFTYNEXT50
UNITDSPR,United Spirits,UNITDSPR.NS,Consumer,NIFTYNEXT50
VAML,Vedanta Aluminium,VAML.NS,Metals,NIFTYNEXT50
VBL,Varun Beverages,VBL.NS,Consumer,NIFTYNEXT50
VEDL,Vedanta,VEDL.NS,Metals,NIFTYNEXT50
VEDPOWER,Vedanta Power,VEDPOWER.NS,Power,NIFTYNEXT50
VGUARD,V-Guard Industries,VGUARD.NS,Consumer,NIFTYNEXT50
VISL,Vedanta Iron & Steel,VISL.NS,Metals,NIFTYNEXT50
VOGL,Vedanta Oil & Gas,VOGL.NS,Oil & Gas,NIFTYNEXT50
WIPRO,Wipro,WIPRO.NS,IT,NIFTY50
YESBANK,Yes Bank,YESBANK.NS,Banking,NIFTYNEXT50
ZYDUSLIFE,Zydus Lifesciences,ZYDUSLIFE.NS,Pharma,NIFTYNEXT50
